aaSeqCDR3,unique_mouse_count
CASSDSGSYTLYF,3
CASSDSQNTLYF,4
CASSDPENTLYF,2
CASSDAQNTLYF,2
CASKGGSYEQYF,3
CASSGDNYEQYF,6
CASSDDTYEQYF,2
CASSEGGQNTLYF,2
CASSNYNYAEQFF,3
CASSDASYTEVFF,2
CASSDDKNTLYF,2
CASSRRDREGAPLF,2
CASSGDTYEQYF,3
CASSDDKYEQYF,3
CASSDDNYEQYF,5
CASGGNTGQLYF,1
CASSSDKYEQYF,2
CASSDWGTNTGQLYF,4
CASSDGTYEQYF,2
CASSSDWGYEQYF,4
CASSDPSNTLYF,1
CASVSQNYAEQFF,1
CATGTFSYEQYF,2
CASSPLGGPQDTQYF,2
CASKGGTYEQYF,1
CASMAGGYAEQFF,2
CASSDGRDNYEQYF,1
CATGQSSYEQYF,2
CASSAGDTGQLYF,1
CASSDDIYEQYF,1
CASSDPGYTEVFF,1
CASSDPLNTLYF,2
CASTSDSYEQYF,1
CASSDQGANERLFF,1
CASSDPGNTLYF,2
CASATDSYEQYF,1
CASGTEKNTLYF,1
CASSRDWDYQQYF,1
CASSDDTGQLYF,1
CASSDWGTDTGQLYF,1
CSSSQSPDRSSYEQYF,1
CASSDLGANTGQLYF,1
CASSTDWGYEQYF,1
CASSGDNQAPLF,1
CASGTSSYEQYF,1
CASSDPQNTLYF,1
CASGEGDWGNYAEQFF,1
CASSDQGSNERLFF,2
CASSDKGQGSNERLFF,1
CASSGRDNNNQAPLF,2
CTCSAETFYEQYF,1
CASIPGDYAEQFF,2
CASGGPLGGSTGQLYF,1
CASSGQKNSDYTF,1
CASSEGQYEQYF,2
CASSDRPNTEVFF,1
CASSDEKYEQYF,1
CASSDEQYEQYF,1
CASGDTGGAERLFF,1
CASSPHNSDYTF,1
CASSDKGPGNTLYF,1
CASSEGQGGVFF,1
CASSDPGNSDYTF,1
CASSAGHSYEQYF,1
CASLGRGHSGNTLYF,2
CASSDAGHNERLFF,1
CASSDQGANTEVFF,1
CASSETHSGNTLYF,1
CASNRDWGDYEQYF,1
CASGDHSGVEQYF,1
CASSGSLGINTGQLYF,1
CASGDWGNYAEQFF,1
CASSGNRYEQYF,1
CASSDAGAETLYF,1
CASSGDRYEQYF,1
CASSSGTEVFF,1
CASSDDREDTLYF,1
CASSDAQGSKNTLYF,1
CASSDAGGNTEVFF,1
CASGDAGAGISNERLFF,1
CASGDGGTGPNERLFF,1
CATTGVGNTLYF,1
FASSDDNYEQYF,1
CASGEYTEVFF,1
CASSLDWSYEQYF,1
CASSDDRNTLYF,1
CASSEQGEDTQYF,1
CASSDRAGANTEVFF,1
CGASTIYNSPLYF,1
CASRQGRQNTLYF,1
CASVGDNSYEQYF,1
CASRGQGVTGQLYF,1
CASSPGQGAYNSPLYF,1
CASSGTDANTEVFF,1
CASSSGDYEQYF,1
CASSHRDEQYF,1
CASGDAREETLYF,1
CASSVGRGNTEVFF,1
CASSDPDSGNTLYF,1
CASGNANSDYTF,1
CASSDASYTEVF,1
CASSWDWAYEQYF,1
CASSDDRVEQYF,1
CASSRESGNTLYF,1
CASGLGNYAEQFF,1
CASSGGYYEQYF,1
CASRDWGGDEQYF,1
LPAVIKNTLYF,1
CASSPGQDQNTLYF,1
CASSDAGYYEQYF,1
CASSGNTEVFF,1
CASKGDNTEVFF,1
CASSVPTAPTEVFF,1
CASSTDTSYEQYF,1
CASSLNANSDYTF,1
CASSEDKYTLYF,1
CASSGTGGYEQYF,1
CASSEARGGTSAETLYF,1
CASSGQGAGTQYF,1
CASGAGQNYAEQFF,1
CASRDSSGNTLYF,1
CASSDGTGDYAEQFF,1
CASSGGLSQNTLYF,1
CASADNSYNSPLYF,1
CASGDPGQSQNTLYF,1
CASSGRDRLTGQLYF,1
CASRGQAGNTLYF,1
CASGDKNYAEQFF,1
CASSAPAIQNTLYF,1
CASSDGQGDEQYF,1
CASNRDSAETLYF,1
CASSDRGRTTGQLYF,1
CASTQGSNSDYTF,1
CASSDIGGYEQYF,1
CASSDQLGQNTLYF,1
CASSLGGRDTLYF,1
CATDTGGYQDTQYF,1
CASRDRGRDEQYF,1
CASSLSRQGLEQYF,1
CTCSAGGLHTGQLYF,1
CASSGTVSNERLFF,1
CASSDAGGAQDTQYF,1
CASSSDTNYEQYF,1
CASGDAGQGGVFF,1
CASSDVAGGGYAEQFF,1
CASSETGYEQYF,1
CASGGGQGGDTLYF,1
CASSDTGGLYAEQFF,1
CASSRLGDTQYF,1
CASSDGQGGDTGQLYF,1
CASSGQGSAETLYF,1
CASSDDMYEQYF,1
CASSDWGVLYAEQFF,1
CASGGGTGGVFF,1
CASSDRAGNTLYF,1
CASSVGQTNERLFF,2
CASSDQGRNQAPLF,1
CASSSDWGFEQYF,1
CASSDGTGNERLFF,1
CASSKRGQDTQYF,1
CASGETGTNERLFF,2
CASAPGQGRVFF,1
CASSDALGNYAEQFF,1
CASSDNRGAETLYF,1
CASSLGAGNTLYF,1
CASRQPGAETLYF,1
CASRRGSAETLYF,1
CASSGQGTNSDYTF,1
CASGDIQGSETLYF,1
CTCSAVLPGNQAPLF,1
CASGDPANSDYTF,1
CASSAAGTDYAEQFF,1
CASSAWDEQYF,1
CASSDPGISNERLFF,1
CASSDPGYEQYF,1
CASGDAGEQFF,1
CASSDAENTLYF,1
CASSDGPGENTLYF,1
CASGDGTGQLYF,1
CASGLGGTETLYF,1
CASSDSYYEQYF,1
CASGYTGAEVFF,1
CASRGQNYAEQFF,1
CASAPTGVDTQYF,1
CASSDGGQGNEQYF,1
CASSDMGSSGNTLYF,1
CASSVQGDAEQFF,1
CASSDGLGGQYF,2
CASGVGNERLFF,1
CASRTSSQNTLYF,1
CASSGDRNTEVFF,1
CASGTLETLYF,1
CASRGTSQNTLYF,1
CASRTGESSAETLYF,1
CASRTGGGNSPLYF,1
CASSDAREDEQYF,1
CASSDGDRGRDTQYF,1
CASSLTGPNERLFF,1
CASRDKNNTLYF,1
CASSDRDNSYNSPLYF,2
CASGDRVGNTLYF,1
CASSDAPGQSNERLFF,1
CASSEGQGNTEVFF,1
CASSAGTGYAEQFF,1
CTCRSGTGDTEVFF,1
CASSAGQGSAETLYF,1
CASSPNANTEVFF,1
CASGDADSYAEQFF,1
CASSIGTHPERLFF,1
CASSDGQGSQNTLYF,1
CASGGGGPEVFF,1
CASGRDRNTGQLYF,1
CASSDIYNSPLYF,1
CASSDVTATEVFF,1
CASGDRDRASQNTLYF,1
CASPRGISNERLFF,1
CASRDRVDSDYTF,1
CASRELGGRGAETLYF,1
CASRTGAGNTLYF,1
CASSGSHRENTLYF,1
CASSSGTGGYNSPLYF,1
CASRWDFSETLYF,1
CASSDVWASQNTLYF,1
CASRGDSPSAETLYF,1
CASGDWGSSAETLYF,1
CASSEPARNTGQLYF,1
CASSAGGNSDYTF,1
CASSDLGNQDTQYF,1
CASSPGTANTEVFF,1
CASSDAVGNTLYF,1
CASGDGAGYEQYF,1
CASGVPGHPNERLFF,1
CASSEDINYAEQFF,1
CASRPGLGANYAEQFF,1
CASSEAGANERLFF,1
CASSWDRGNTEVFF,1
CASSDATAGDTQYF,1
CASGDGWVTNTGQLYF,1
CASSDAPTGSAETLYF,1
CASSGDSAETLYF,1
CASSPGTGRSQNTLYF,1
CASSPTGANSDYTF,1
CASSAPTSNERLFF,1
CASGILQGAYAEQFF,1
CASRDNANTEVFF,2
CASSAGVDAEQFF,1
CASSDRNTEVFF,1
CASSDTFSNGRLFF,1
CASSERLSGNTLYF,1
CASSEVTGGNTGQLYF,1
CASGDASWGYAEQFF,1
CASGEAGGDYAEQFF,1
CASGEGDWGDEQYF,1
CASGRQSNERLFF,1
CASRGLNSDYTF,1
CASRRGQSAETLYF,1
CASSDEGWEQYF,1
CASSMGQGSNERLFF,1
CASSPTGVRSDYTF,1
CASSRDGNNSPLYF,1
CASNRDTANTEVFF,1
CASGDLAGYEQYF,1
CASGVGLGSAETLYF,1
CASEKRGGYAEQFF,1
CASSDWAETLYF,1
CASGDAGLGNTLYF,1
CASSDEDTQYF,1
CASSDREVSDYTF,1
CASGGEVFF,1
CTCSADYAEQFF,1
CASSVQGNDYTF,1
CASSDEIYEQYF,1
CASSPGGQDTQYF,1
CASSSGTANSDYTF,1
CASSDGLYAEQFF,1
CASSPRNNQDTQYF,1
CASGETGGAETLYF,1
CASKGGTNEQYF,1
CASRGLGGHAEQFF,1
CASRQGNNQAPLF,1
CASGGGLNTGQLYF,1
CASSERANERLFF,1
CASSGGQFVF,1
CASSDGEGGADSDYTF,1
CASSDGLGDSQNTLYF,1
CTCSAGGVQDTQYF,1
CASGEKWGQGRSQNTLYF,1
CASGEMGDWGGQNTLYF,1
CASSDGTGVGNTLYF,1
CASSGTGRYEQYF,1
CASSPDRTYEQYF,1
CASSPGQANTEVFF,1
CASSSDRGAGNTLYF,1
CTCSAEHSSNERLFF,1
CASSDSANTEVFF,1
CASSGQQDTQYF,1
CASSGTNTEVFF,1
CASSRDNSYEQYF,1
CATQGAGNTLYF,1
CASSSDWNYEQYF,1
CASSDRQGSAETLYF,1
CASSQETYEQYF,1
CASARTLQDTQYF,1
CASGAPRDKNSGNTLYF,1
CASSDIQGYEQYF,1
CASSDRGRGNERLFF,1
CASSEGRGNSDYTF,1
CGARRTREDTQYF,1
CTCSADPPGNTLYF,1
CTCSSGSAETLYF,1
CASGQYTEVFF,1
CASSARLGGSEQYF,1
CASSGPLGGEEDTQYF,1
CASGDGTGGVYF,1
CASSDWDISGNTLYF,1
CASSDWGEDTQYF,1
CASSGQGNYAEQFF,1
CASSGQNNNQAPLF,1
CASSLQGQNTLYF,1
CASSPRGKDTQYF,1
CASYSSGNTLYF,1
CASSDRDNSGNTLYF,1
CASSEARDRREQYF,1
CTCSAAWTGGTGQLYF,1
CASSQKTEYEQYF,1
CASGDFSAETLYF,1
CASRDRESGNTLYF,1
CASSDQRLGNYEQYF,1
CASSDRGANERLFF,1
CASSEEYNSPLYF,1
CASSNRGEEQYF,1
CASSPGTGIYEQYF,1
CASSRLGQNTLYF,1
CTCSADSGRDTQYF,1
CASGETGASYEQYF,1
CASGDGWGVAEQFF,2
CASSQDNNYAEQFF,1
CASSQDWGSQDTQYF,1
CASSDAEISNERLFF,1
CASSDATNEVFF,1
CASSDGANSPLYF,1
CASSDTYAEQFF,1
CASSEGQNQAPLF,1
CASSETGGAKTLYF,1
CASSKYRGSQDTQYF,1
CASSRDTGQLYF,1
CASSTGNSDYTF,1
CASKTGGNTGQLYF,1
CASGVGQSNERLFF,1
CASSDASQNTLYF,1
CASSDAWTGASDYTF,1
CASSEWNSDYTF,1
CASSGDSYAEQFF,1
CASSAGQGIEQYF,1
CASSRGIQNTLYF,1
CTCSDRDRGYNNQAPLF,1
CASSDQGAGNTLYF,1
CASSGLQDTQYF,1
CASGDARQGAVERLFF,1
CASSQDRNTGQLYF,1
CASADSTNSDYTF,1
CASGDASANSDYTF,1
CASGRRDSQDTQYF,1
CASIGVTEVFF,1
CAWGPGLGGSETLYF,1
CASSGRDRVNERLFF,1
CASSDNNQAPLF,1
CASDDKNTLYF,1
CASSLETDYEQYF,1
CGARPGDGNTLYF,1
CARQGTEVFF,1
CASTSWGGEAEQFF,1
CTCSAVWGSSYEQYF,1
CASGVTGRVFF,1
CASSLTVNTEVFF,1
CASSDGASQNTLYF,1
CASSQDMGGAEQFF,1
CASSQQGTGNQAPLF,1
CASRELGGDAEQFF,1
CASSSGKYAEQFF,1
CTCSGTGVQDTQYF,1
CASSQVGDSQNTLYF,1
CASTPPRPSAETLYF,1
CASSVGGRSYEQYF,1
CASSDAQGARNTAVFF,1
CGARTGGSSYEQYF,1
CASSEADWGKNTLYF,1
CASRPGTGGARAEQFF,1
CASGEPGGNTLYF,1
CASSVYPLSGNTLYF,1
CTCSGRDSNNQAPLF,1
CASRQGTNYAEQFF,1
CTCRIDSSQNTLYF,1
CASGDTNTGQLYF,1
CASMGYNYAEQFF,1
CASSDNYEQYF,1
CASSKNTEVFF,1
CGARAGPNERLFF,1
CASSDVTASAETLYF,1
CASSDRNNSPLYF,1
CTCSAGWEQYF,1
CASGDTGQSSAETLYF,1
CASSDDKKPLYF,1
CASSERADNERLFF,1
CTCSAGAGEVFF,1
CASSPNRDRGQDTQYF,1
CASGAYEQYF,1
CTCSAEGGAYAEQFF,1
CASSHRLGGQDTQYF,1
CASSYLGGDEQYF,1
CASSAGQGNSDYTF,1
CASSDGGSQDTQYF,1
CASSRTGSQNTLYF,1
CGASTPGTTNSDYTF,1
CASSDGGADYAEQFF,1
CGARDHERLFF,1
CASRDNSGNTLYF,1
CASGTGGTEVFF,1
CASRDFYEQYF,1
CASRDWGVNTGQLYF,1
CASRRDWGAEQYF,1
CASSLTGSYAEQFF,1
CASSPGQNNQAPLF,1
CASSQDRGLGNTLYF,1
CTCSPRTGGFAETLYF,1
CASGDEGGLNERLFF,1
CASSLGSQNTLYF,1
CASSPRGFDQDTQYF,1
CASSEGGSTGQLYF,1
CASGDGASQNTLYF,1
CASSGRHFSYNSPLYF,1
CASSDPWDRNQAPLF,1
CTCSAGQNERLFF,1
CASSQATAYEQYF,1
CAWSLAWGHQDTQYF,1
CASGGGDYAEQFF,1
CASSDAGQNNSPLYF,1
CASSDGGSLNTEVFF,1
CASGDWGGARNTLYF,1
CASGGRDRGREQYF,1
CASSEGDKYEQYF,1
CASSFVGGSAETLYF,1
CASRRDREGAPLF,1
CAWSPGTGGSQNTLYF,1
CASRRGNSYNSPLYF,1
CASSDRGHSDYTF,1
CASSDWGSGNTLYF,1
CASSGSGNTLYF,1
CASGDGDWQDTQYF,1
CASSDTRDTSNERLFF,1
CASSHWGNYAEQFF,1
CASGLGANTGQLYF,1
CASSGDRGEVFF,1
CTCSADYSSENTLYF,1
CASSGVSYEQYF,1
CASSQDTGAYTEVFF,1
CASSQGSQNTLYF,1
CTCSADSGNTLYF,1
CASGDWESDYTF,1
CASGDWGGTQDTQYF,1
CASSDATVGNTLYF,1
CASSDEPGKNTLYF,1
CASSDEQGSERLFF,1
CASSDPGLESYEQYF,1
CASSDSGNTLYF,1
CASSDSSQNTLYF,1
CASSGQNERLFF,1
CASSGTANSDYTF,1
CASSPDKNSDYTF,1
CASSPRDREVFF,1
CASSRQGANTEVFF,1
CASRQGTSQNTLYF,1
CASSDDSSQNTLYF,1
CASSDEGGAHSDYTF,1
CASSDLYEQYF,1
CASSRDWGDAEQFF,1
CASSDAGGARAETLYF,1
CASSADWSYEQYF,1
CASGDAGTVAEVFF,1
CASGDARGGSSAETLYF,1
CASGDSGNTLYF,1
CASGDSTGGADTQYF,1
CASGGTANTEVFF,1
CASGGTGGSQNTLYF,1
CASGTGNERLFF,1
CASRDRANSPLYF,1
CASRGNSGNTLYF,1
CASSDDPETLYF,1
CASSDSYNSPLYF,1
CASSEQVSGNTLYF,1
CASSGTGESTEVFF,1
CASSGTGRNTEVFF,1
CASSPGTVSGNTLYF,1
CASSRDRGNTEVFF,1
CASSSTGDEQYF,1
CTCSAEGASDYTF,1
CTCSAGTTSAETLYF,1
CASSDMGGYAEQFF,1
CASSELYEQYF,1
CASSERQSYNYAEQFF,1
CASGPGHGNTGQLYF,1
CASPGTGDAEQFF,1
CGARDKYAEQFF,1
CAPDWGDAEQFF,1
CASGADNQDTQYF,1
CASGDAPTMNSDYTF,1
CASGDGANTEVFF,1
CASGDQDTQYF,1
CASGDSSGNTLYF,1
CASGDSSYEQYF,1
CASGDVGNSDYTF,1
CASGDVLGGPYAEQFF,1
CASGGTKNTLYF,1
CASGPGTTNERLFF,1
CASGPTGAGNTLYF,1
CASMDSANTEVFF,1
CASRDKNTEVFF,1
CASRDRYNERLFF,1
CASRQQDTQYF,1
CASSDAPGRGAETLYF,1
CASSDAQNSANTEVFF,1
CASSDARGSSAETLYF,1
CASSDGGNSDYTF,1
CASSDNYNSPLYF,1
CASSDQGAGSDYTF,1
CASSDWGGYEQYF,1
CASSDYEQYF,1
CASSEGENTEVFF,1
CASSEGLGEQDTQYF,1
CASSEQGVTEVFF,1
CASSETGDSGNTLYF,1
CASSDTQASDYTF,1
CASGEGGSQNTLYF,1
CASSSVGVNQDTQYF,1
CASSLDSAETLYF,1
CASSLGTWAEQFF,1
CAWAGGAETLYF,1
CAWSLGNSGNTLYF,1
CASKTDQDTHYF,1
CASSIGLGGEGYTLYF,1
CASSPGGFDQDTQYF,1
CGASQNNNQAPLF,1
CASGGQGYSDYTF,1
CASSLGQGGTEVFF,1
CTCSADLGLSYEQYF,1
CTCSAKGTSDYTF,1
