AA_Seq1,AA_Seq2
CASSDSQNTLYF,CASSDAQNTLYF
CASSDSQNTLYF,CASSDPQNTLYF
CASSDSQNTLYF,CASSDASQNTLYF
CASSDSQNTLYF,CASSDSGNTLYF
CASSDSQNTLYF,CASSDSSQNTLYF
CASSDPENTLYF,CASSDPSNTLYF
CASSDPENTLYF,CASSDPLNTLYF
CASSDPENTLYF,CASSDPGNTLYF
CASSDPENTLYF,CASSDPQNTLYF
CASSDPENTLYF,CASSDAENTLYF
CASSDAQNTLYF,CASSDPQNTLYF
CASSDAQNTLYF,CASSDAENTLYF
CASSDAQNTLYF,CASSDASQNTLYF
CASKGGSYEQYF,CASKGGTYEQYF
CASKGGSYEQYF,CASKGNSYEQYF
CASKGGSYEQYF,CASKGSSYEQYF
CASSGDNYEQYF,CASSGDTYEQYF
CASSGDNYEQYF,CASSDDNYEQYF
CASSGDNYEQYF,CASSGDRYEQYF
CASSGDNYEQYF,CASSDNYEQYF
CASSDDTYEQYF,CASSGDTYEQYF
CASSDDTYEQYF,CASSDDKYEQYF
CASSDDTYEQYF,CASSDDNYEQYF
CASSDDTYEQYF,CASSDGTYEQYF
CASSDDTYEQYF,CASSDDIYEQYF
CASSDDTYEQYF,CASSDDMYEQYF
CASSDDTYEQYF,CASSDGDTYEQYF
CASSDASYTEVFF,CASSDASYTEVF
CASSDDKNTLYF,CASSDDRNTLYF
CASSDDKNTLYF,CASDDKNTLYF
CASSRRDREGAPLF,CASRRDREGAPLF
CASSGDTYEQYF,CASSGDRYEQYF
CASSGDTYEQYF,CASSDGDTYEQYF
CASSDDKYEQYF,CASSDDNYEQYF
CASSDDKYEQYF,CASSSDKYEQYF
CASSDDKYEQYF,CASSDDIYEQYF
CASSDDKYEQYF,CASSDEKYEQYF
CASSDDKYEQYF,CASSDDMYEQYF
CASSDDNYEQYF,CASSDDIYEQYF
CASSDDNYEQYF,FASSDDNYEQYF
CASSDDNYEQYF,CASSDDMYEQYF
CASSDDNYEQYF,CASSDNYEQYF
CASSDWGTNTGQLYF,CASSDWGTDTGQLYF
CASSDGTYEQYF,CASSDGDTYEQYF
CASSSDWGYEQYF,CASSTDWGYEQYF
CASSSDWGYEQYF,CASSSDWGFEQYF
CASSSDWGYEQYF,CASSSDWNYEQYF
CASSSDWGYEQYF,CASSSDWDYEQYF
CASSDPSNTLYF,CASSDPLNTLYF
CASSDPSNTLYF,CASSDPGNTLYF
CASSDPSNTLYF,CASSDPQNTLYF
CASKGGTYEQYF,CASKGGTNEQYF
CASSDDIYEQYF,CASSDDMYEQYF
CASSDDIYEQYF,CASSDEIYEQYF
CASSDPLNTLYF,CASSDPGNTLYF
CASSDPLNTLYF,CASSDPQNTLYF
CASSDQGANERLFF,CASSDQGSNERLFF
CASSDQGANERLFF,CASSDRGANERLFF
CASSDPGNTLYF,CASSDPQNTLYF
CASSDPGNTLYF,CASSDSGNTLYF
CASSDDTGQLYF,CASSRDTGQLYF
CASSDDTGQLYF,CASSSDTGQLYF
CASSDRPNTEVFF,CASSDRNTEVFF
CASSDRPNTEVFF,CASSDRANTEVFF
CASGTSSYEQYF,CASGDSSYEQYF
CASSDEKYEQYF,CASSDEQYEQYF
CASSDEKYEQYF,CASSDEIYEQYF
CATTGDSYEQYF,CATTGDSYEHYF
CASKGNSYEQYF,CASKGSSYEQYF
CASSGRDNNNQAPLF,CASSGRDNNQAPLF
CASSPSLYNSPLYF,CASSPSIYNSPLYF
CASSDEQYEQYF,CASSDEIYEQYF
CASSDEQYEQYF,CASSDAQYEQYF
CASSDPGNSDYTF,CASSDGGNSDYTF
CASSDQGANTEVFF,CASSRQGANTEVFF
CASSDQGANTEVFF,CASSDQGNTEVFF
CASSETHSGNTLYF,CASSEPHSGNTLYF
CASGDWGNYAEQFF,CASGDGGNYAEQFF
CASSGNRYEQYF,CASSGDRYEQYF
CASSDAGAETLYF,CASSDAIAETLYF
CASSGDRYEQYF,CASSGDRSYEQYF
CASSDDREDTLYF,ASSDDREDTLYF
CASGEYTEVFF,CASGQYTEVFF
CASSLDWSYEQYF,CASSADWSYEQYF
CASSSGDYEQYF,CASSSGTDYEQYF
CASSGGEYEQYF,CASSGGYYEQYF
CASSGGEYEQYF,CASGGEYEQYF
CASSDPDSGNTLYF,CASSDPNSGNTLYF
CASGNANSDYTF,CASGTANSDYTF
CASRDWGGDEQYF,CASRDWGRDEQYF
CASSGNTEVFF,CASSGTNTEVFF
CASSGNTEVFF,CASSKNTEVFF
CASSGNTEVFF,CASRGNTEVFF
CASSGTGGYEQYF,CASSGTGRYEQYF
CASSGTGGYEQYF,CASSGTGGGYEQYF
CASRDSSGNTLYF,CASRDNSGNTLYF
CASRDSSGNTLYF,CASGDSSGNTLYF
CASRDSSGNTLYF,CASSDSSGNTLYF
CASRDSSGNTLYF,CASRDRSGNTLYF
CASSDGQGDEQYF,CASSLGQGDEQYF
CASSDIGGYEQYF,CASSDIQGYEQYF
CASSDIGGYEQYF,CASSDWGGYEQYF
CASRDRGRDEQYF,CASRDWGRDEQYF
CASSGTVSNERLFF,CASSPGTVSNERLFF
CASSSDTNYEQYF,CASSSDWNYEQYF
CASSEMYEQYF,CASSELYEQYF
CASSETGYEQYF,CASSELGYEQYF
CASSADRGLGAETLYF,CANSADRGLGAETLYF
CASSGQGSAETLYF,CASSAGQGSAETLYF
CASRRGSAETLYF,CASRRGQSAETLYF
CASSGQGTNSDYTF,CASSVGQGTNSDYTF
CASGVGNERLFF,CASGTGNERLFF
CASSGDRNTEVFF,CASSDRNTEVFF
CASSGDRNTEVFF,CASSGDRGNTEVFF
CASRGTSQNTLYF,CASRQGTSQNTLYF
CASSDIYNSPLYF,CASSDSYNSPLYF
CASSDIYNSPLYF,CASSDNYNSPLYF
CASSAGGNSDYTF,CASSAGQGNSDYTF
CASSAGGNSDYTF,CASSDGGNSDYTF
CASSPGTANTEVFF,CASSPGQANTEVFF
CASSDAVGNTLYF,CASSDATVGNTLYF
CASGDGAGYEQYF,CASGDLAGYEQYF
CASSWDRGNTEVFF,CASSGDRGNTEVFF
CASSWDRGNTEVFF,CASSRDRGNTEVFF
CASSGDSAETLYF,CASSLDSAETLYF
CASSDRNTEVFF,CASSDRANTEVFF
CASSSGTANSDYTF,CASSGTANSDYTF
CASSERANERLFF,CASSERADNERLFF
CASSDSANTEVFF,CASMDSANTEVFF
CASSDSANTEVFF,CASSDRANTEVFF
CASSGQQDTQYF,CASSGLQDTQYF
CASSRDNSYEQYF,CASSPDNSYEQYF
CASSSDWNYEQYF,CASSSDWDYEQYF
CASSQTGSNERLFF,CASSQGGSNERLFF
CASSPGTNQAPLF,CASSPGQNQAPLF
CASSDWGEDTQYF,CASSDLGEDTQYF
CASRDRESGNTLYF,CASRDRSGNTLYF
CASSDRGANERLFF,CASSDRGPNERLFF
CASSDTYAEQFF,CASSDSYAEQFF
CASSEGQNQAPLF,CASSPGQNQAPLF
CASSRDTGQLYF,CASSSDTGQLYF
CASSDASQNTLYF,CASSDGASQNTLYF
CASSDASQNTLYF,CASSDSSQNTLYF
CASSGDSYAEQFF,CASSDSYAEQFF
CASSGDRGNTEVFF,CASSRDRGNTEVFF
CASSDGASQNTLYF,CASGDGASQNTLYF
CASSPGQGNSDYTF,CASSAGQGNSDYTF
CASSDNYEQYF,CASSDLYEQYF
CASSDNYEQYF,CASSDYEQYF
CASSDNYEQYF,CASQDNYEQYF
CASRDNSGNTLYF,CASRGNSGNTLYF
CASRDNSGNTLYF,CASRDRSGNTLYF
CASSPGQNNQAPLF,CASSPGQNQAPLF
CASSLGSQNTLYF,CASSQGSQNTLYF
CASSPRGFDQDTQYF,CASSPGGFDQDTQYF
CASSELGYEQYF,CASSELYEQYF
CASSGSGNTLYF,CASSDSGNTLYF
CASGNSGNTLYF,CASGDSGNTLYF
CASGNSGNTLYF,CASRGNSGNTLYF
CASSDSGNTLYF,CASGDSGNTLYF
CASSDSGNTLYF,CASSDSSGNTLYF
CASSDSSQNTLYF,CASSDDSSQNTLYF
CASSDSSQNTLYF,CASSDSSGNTLYF
CASSGTANSDYTF,CASGTANSDYTF
CASSDQGNTGQLYF,CASSRQGNTGQLYF
CASSDLYEQYF,CASSELYEQYF
CASSDLYEQYF,CASSDYEQYF
CASGDSGNTLYF,CASGDSSGNTLYF
CASSDSYNSPLYF,CASSDNYNSPLYF
CASSDLGGDTQYF,CASSDLGEDTQYF
CASSGTGGGYEQYF,CARSGTGGGYEQYF
CASGDGANTEVFF,CASGDAANTEVFF
CASGDSSGNTLYF,CASSDSSGNTLYF
CASSDNYNSPLYF,CASSRDNYNSPLYF
CASSLSDWGAYEQYF,CASSLDWGAYEQYF
CASRDRVNQAPLF,CASRDRGNQAPLF
CASSDGGSSYEQYF,CASSDWGSSYEQYF
CASTGTGVHEQYF,CASTGTGVYEQYF
CASRRDIYAEQFF,CASNRDIYAEQFF
